“甘普基本变形法则”五大例外中的第一项是什么？,不可能凭空变出美味佳肴
《初级变形指南》的作者是？,埃默里克·斯威奇
《阿不思·邓布利多的生平与谎言》是谁的代表作？,丽塔•斯基特
《哈利·波特与密室》中没被蛇怪石化的是？,哭泣的桃金娘
《黑魔法：自卫指南》的作者是谁？,昆丁·特林布
《霍格沃茨，一段校史》的作者是谁？,巴希达·巴沙特
《魔法史》的作者是谁？,巴希达·巴沙特
《千种神奇药草及蕈类》的作者是谁？,菲利达·斯波尔
《神奇动物在哪里》的作者是谁？,纽特·斯卡曼德
《神奇动物在哪里》中，纽特·斯卡曼德为了让纽约的市民失忆，使用了哪种动物的经稀释的毒液？,蜷翼魔
《为消遣和盈利而饲养火龙》中建议用什么喂养新出生的龙？,白兰地混鸡血
《预言家日报》的记者丽塔·斯基特能变成什么？,甲虫
《预言家日报》上邓布利多的讣告是谁写的？,埃菲亚斯·多吉
1加隆等于多少纳特？,493
1加隆等于多少西可？,17
1西可等于多少纳特？,29
1792年三强争霸赛中，什么生物横冲直撞导致三名裁判受伤？,鸡蛇
1979年谁向阿不思做了一个具有打败伏地魔能力的孩子会出生的预言？,西比尔·特里劳尼
1985-1986学年，谁带领格兰芬多魁地奇球队赢得了魁地奇学院杯？,查理·韦斯莱
1994年的魁地奇世界杯得主是谁？,爱尔兰队
1994年魁地奇世界杯决赛时，谁召唤出了黑魔标记？,小巴蒂·克劳奇
1997年伏地魔控制下的魔法部内，大厅雕像上写着什么？, 魔法即强权
1997年霍格沃茨的黑魔法防御术教授由谁担当？,阿米库斯·卡罗
1997年英国魔法部倒台前的部长是？,鲁弗斯·斯克林杰
爱阅读的同学们？《会魔法的我》是谁的自传？,吉德罗·洛哈特
奥利凡德不曾使用下列哪种杖芯？,媚娃的头发
奥利凡德魔杖商店创始于哪一年？,公元前382年
巴克比克是什么生物？,鹰头马身有翼兽
保护神奇生物课上海格所使用的教科书是什么？, 妖怪们的妖怪书
贝拉特里克斯·莱斯特兰奇是被谁杀死的？,莫丽·韦斯莱
贝拉特里克斯·莱斯特兰奇折磨疯了谁的父母？,纳威·隆巴顿
被食死徒抓捕后，是谁给哈利·波特施了蜇人咒？,赫敏·格兰杰
比比多味豆总共有多少种口味？,20
比尔·韦斯莱在古灵阁的职位是什么？, 解咒员
宾斯教授在霍格沃茨教哪一门课程？,魔法史
博格特在面对卢平教授时变成了什么？,满月
布巴吉教授在霍格沃茨教哪一门课程？, 麻瓜研究
布斯巴顿的校长马克西姆夫人说她的马只喝什么？,纯麦威士忌
布斯巴顿魔法学校参加三强争霸赛时乘坐哪种交通工具？,飞马马车
布斯巴顿魔法学校位于哪个国家？,法国
布斯巴顿魔法学院的马车由什么生物牵引？,飞马
布斯巴顿魔法学院坐落在哪里？,法国南部比利牛斯山
猜猜看，哈利·波特的挚友罗恩·韦斯莱最擅长哪一种游戏？,巫师棋
猜猜看，哈利第一次去卢平教授办公室时，在角落里看到了什么生物？,格林迪洛
猜猜看，海格的摩托车原来属于谁？,小天狼星·布莱克
猜猜看，金妮·韦斯莱的侏儒蒲叫什么名字？,阿囡
猜猜看，卢平教授的朋友们叫他什么？,月亮脸
猜猜看，为什么鸟蛇蛋那么值钱？,它们是银做的
猜猜看，以前纳威·隆巴顿教授的宠物蟾蜍名叫什么？,莱福
参加三强争霸赛的选手必须年满多少周岁？,17周岁
参加斯拉格霍恩教授晚宴的成员们加入了什么团体？,鼻涕虫俱乐部
参与三强争霸赛的人中牺牲的是谁？,塞德里克·迪戈里
曾被藏在霍格沃茨的魔法石是谁制作的？,尼可·勒梅 
曾关押黑巫师格林德沃的纽蒙迦德，位于哪个国家？,奥地利
曾经，多洛雷斯·乌姆里奇用什么物品惩罚哈利和他的同学们？,惩罚羽毛笔
曾经，弗雷德和乔治偷偷用什么偷听凤凰社会议？,伸缩耳
曾经，谁告诉哈利和罗恩有一位女孩死在了盥洗室里？,德拉科·马尔福
曾经参加过四强争霸赛的芙蓉·德拉库尔的妹妹叫什么？,加布丽
曾经大难不死的男孩——哈利·波特出生于哪里？,戈德里克山谷
曾经的人气明星吉德罗·洛哈特最喜欢的颜色是什么？,淡紫色
曾为克劳奇家族服务过家养小精灵是谁？,闪闪
差点没头的尼克喜欢别人叫他什么？,尼古拉斯爵士
差点没头的尼克一直想加入哪个组织？,无头猎手队
查理·韦斯莱在哪儿研究龙？,罗马尼亚
茶叶占卜是研究什么的？,研究茶叶渣形状
初入霍格沃茨的第一学年，哈利、罗恩和赫敏在盥洗室打败了什么生物？,巨怪
传说中的混血王子是谁？, 西弗勒斯·斯内普
传闻中，波特家族在古灵阁的金库编号是多少？,687号
传闻中，哈利·波特的父亲詹姆波特的外号是什么？,尖头叉子
传闻中，赫敏曾用什么形容罗恩的感情？,一茶匙
传闻中，詹姆·波特的阿尼马格斯形态是什么？,牡鹿
传闻中的“救世之星”是谁？, 哈利·波特
传闻中的预言厅在哪？,魔法部
传闻中哪一个童话故事提到了死亡圣器的起源？,三兄弟的传说
传言，赫敏·格兰杰闻到的爱情魔药是……什么味道？,刚修剪过的草坪、新的羊皮纸和薄荷味牙膏
从哪本书中可以学习到神锋无影这个咒语？,《高级魔药制作》
从哪里可以搭乘霍格沃茨特快列车去霍格沃茨？,国王十字车站，9 3/4站台
大家常去对角巷光顾的猫头鹰商店叫什么名字？,咿啦猫头鹰商店
大家熟知的神奇动物商店位于哪里？,对角巷
大家知道，哈利在哪里找到了魔法石吗？,在他的口袋里
大家知道费尔奇的猫叫什么名字吗？,洛丽丝夫人
大家知道海格教授的粉红色雨伞里隐藏着什么吗？,他的旧魔杖
达力在哪本书里遇到了摄魂怪？,凤凰社
打人柳看守什么？,一条通往尖叫棚屋的秘密通道
打人柳下的树洞可以通往那里？,尖叫棚屋
大战后谁回到霍格沃茨完成七年级的学业？, 赫敏·格兰杰
当德思礼侮辱邓布利多的时候，海格做了什么？,给达力变出了一条猪尾巴
当邓布利多被革除校长职位后，谁接任了他的职位？, 多洛雷斯·乌姆里奇
当多洛雷斯·乌姆里奇从霍格沃茨离开时，皮皮鬼用什么东西攻击她？,拐杖和装满了粉笔的袜子
当哈利·波特第一次参加魁地奇比赛时，是谁对他的飞天扫帚施用了黑魔法？,奎里纳斯·奇洛
当记忆球变成红色意味着什么？,使用者遗忘了什么
当密室打开时，赫敏通过什么看见了蛇怪？,镜子
当你打开吼叫信时会发生什么？,被吼叫
当年赫敏用什么方法同时修多门课程？,时间转换器
当使用者忘记了一些事情的时候记忆球会变成什么颜色？,红色
当一个人快死时，喝什么生物的血可以使其继续生存下去？,独角兽
当有人穿过神秘事务司的帷幔时会发生什么？,会死
到霍格沃茨所要乘的特快列车编号是多少？,5972
德科拉·马尔福二年级时使用的什么飞天扫帚？,光轮2001
德拉科·马尔福用来羞辱赫敏的“泥巴种”是什么意思？,父母都是麻瓜的巫师
德拉科·马尔福在三强争霸赛的圣诞舞会上的舞伴是谁？,潘西·帕金森
德拉科·马尔福最终与谁结成了夫妻？, 阿斯托利亚·格林格拉斯
邓布利多曾在厄里斯魔镜里藏了什么？, 魔法石
邓布利多的凤凰的名字叫什么？, 福克斯
邓布利多的母亲叫什么名字？, 坎德拉·邓布利多
邓布利多第一次见到汤姆·里德尔是在什么地方？,伍氏孤儿院
邓布利多告诉赫敏可以利用时间转换器拯救两条生命时，他指的谁？,小天狼星·布莱克和巴克比克
邓布利多将什么东西作为遗产留给了给赫敏·格兰杰？,《诗翁彼豆故事集》
邓布利多将什么遗赠给罗恩？,熄灯器
邓布利多教授学生时被分到了哪个学院？,格兰芬多
邓布利多军的第一次集会地点选择在了哪里？,猪头酒吧
邓布利多军通过什么硬币来交流信息？,假加隆
邓布利多逝世后，熄灯器的持有者是谁？,罗恩·韦斯莱
邓布利多死的那天晚上，是什么文物让食死徒进入霍格沃茨？,消失柜
邓布利多与格林德沃在什么时候因什么决裂？,1899年在两人的争吵中阿利安娜突然死亡
邓布利多在青年时期最好的朋友是谁？,盖勒特·格林德沃·
第二学年，哈利·波特和罗恩·韦斯莱是通过什么方式到达学校的？, 魔法汽车
第二学年后的暑假罗恩·韦斯莱用了什么工具联系哈利，又对此次联系感到抱歉？,电话
第一个金色飞贼由巫师金匠鲍曼·莱特在哪里打造？,戈德里克山谷
第一只金色飞贼的制作者是谁？,鲍曼·莱特
电影中，哈利·波特没有进入霍格沃茨魔法学校之前放出一条什么蟒蛇？,缅甸蟒
独角兽宝宝是什么颜色的？, 金色
毒角兽的角有什么特别之处？,会引起爆炸
对黑魔法影响颇深，以第一位蛇怪孵化者著称的最早蛇佬腔之一是？,海尔波
对角巷里，专门售卖坩埚的店由谁经营？,帕特奇女士
对角巷上哪一家酒吧被巫师公认为伦敦最古老的酒吧？,破釜酒吧
对抗食死徒时，小天狼星·布莱克死于谁之手？,贝拉特里克斯·莱斯特兰奇
多比营救哈利·波特等人，从马尔福庄园传送到哪里？,贝壳小屋
多比在收到什么物品之后成为了自由的小精灵？,哈利·波特的袜子
多洛雷斯·乌姆里奇的守护神是什么？,猫
多洛雷斯·乌姆里奇建立了什么学生组织来维持校园秩序？,调查行动组
多年前小矮星彼得被分到了哪个学院？,格兰芬多
阿不福思·邓布利多的守护神是什么？,山羊
阿布拉克萨斯·马尔福的死因是什么？,龙痘疮
阿不思·邓布利多曾拥有几件死亡圣器？,三件
阿不思·邓布利多和哈利·波特去岩洞中取挂坠盒时最想喝什么？,水
阿不思·邓布利多没能直接通过魔法部长交给哈利·波特等三人的遗物是什么？,格兰芬多宝剑
阿不思·邓布利多派谁在麻瓜世界保护哈利？,费格太太
阿不思·邓布利多在什么地方与盖勒·格林德沃相识？,戈德里克山谷
阿兹卡班的守卫是什么？,摄魂怪
厄里斯魔镜名字的词源来自哪个单词？, desire
厄里斯魔镜所反映的不是一个人的倒影，而是什么呢？,他们心中最大的愿望
阿尼马格斯形态下的小天狼星·布莱克被称为大脚板或什么？,伤风
二年级魔法史会教授中世纪欧洲巫师集会/会议与哪个大会？,1289年国际巫师大会
二年级时，是谁在女生盥洗室外的墙上写下“与继承人为敌者，警惕！下一个就是你们，泥巴种！”的？,金妮
飞来咒唯一可以召来的活物是什么？,弗洛伯毛虫
飞路粉是由谁发明的？,伊格内希娅·怀尔德史密斯
飞路网将什么连接在一起？,壁炉
飞艇李与众不同的地方在哪里？, 颠倒着悬挂在树上
分院帽里能得到什么？,格兰芬多宝剑
分院帽最开始是谁的帽子？,戈德里克·格兰芬多
凤凰的眼泪有什么功效？,疗伤治愈
凤凰社总部在哪里？,格里莫广场12号
疯眼汉穆迪曾如何“惩罚”德拉科·马尔福？,他把德拉科变成了一只白鼬
疯眼汉穆迪在魔法部担任什么职位时受了很多伤？,傲罗
伏地魔曾喝了谁的血来维持生命？, 独角兽的血
伏地魔的宠物纳吉尼体长多少？,12英尺
伏地魔的哪个魂器被藏在古灵阁莱斯特兰奇仓库？,赫尔加·赫奇帕奇的金杯
伏地魔魂器之一的斯莱特林的挂坠盒由谁保管？,克利切
伏地魔学生时代的黑魔法防御术老师叫什么？,梅乐思教授
伏地魔用什么药水保护藏在岩洞中的魂器？,绝望药水
伏地魔在哪里得到老魔杖的？,霍格沃茨
福克斯属于哪种生物？, 凤凰
弗雷德和乔治开的商店名称叫什么？,韦斯莱魔法把戏坊
弗雷德和乔治是如何获得活点地图的？,从费尔奇的办公室偷来的
弗雷德和乔治使用什么东西向乌姆里奇示威？,韦斯莱烟花
弗雷德和乔治在格兰芬多魁地奇球队中担任什么位置？,击球手
弗雷和乔治第一次也是最后一次看对方变老的样子是在什么时候？,火焰杯吐出他们名字时
弗立维教授是哪个学院的院长？,拉文克劳
弗立维教授是哪门课的老师？, 魔咒学
弗立维教授用了什么方式保护魔法石？,施了魔法的钥匙
福灵剂的重要配方之一是哪种生物的蛋壳？,鸟蛇
盖勒特·格林德沃曾潜伏进美国魔法国会，当时他的化名为？, 帕斯瓦尔·格雷夫斯
盖勒特·格林德沃曾在哪所学校上学？,德姆斯特朗
盖勒特·格林德沃所属的魔法学校的以下哪个？,德姆斯特朗
甘普基本变形法则一共有几条例外法则？,5条
格兰芬多的学院幽灵是谁？,差点没头的尼克
格兰芬多公共休息室曾用过哪个口令？,香蕉炸面团
格雷女士一般只跟哪个学院的人说话？,拉文克劳
格洛普第一次见到赫敏时送了她什么东西？,自行车把手
根据霍格沃茨校规规定，学生几年级之后才可以前往霍格莫德村？,三年级
根据推测，伏地魔的母亲是使用哪种方式让他的父亲爱上她的？,使用迷情剂
古灵阁中守护金库的龙是什么品种？,乌克兰铁肚皮
关押格林德沃的监狱位于那个国家？, 奥地利
哈利，赫敏，韦斯莱一家在哪里使用了门钥匙去魁地奇世界杯场地？, 白鼬山
哈利、罗恩和赫敏最初怀疑谁想要偷走魔法石？,西弗勒斯·斯内普
哈利、罗恩和赫敏最喜欢到猪头酒吧喝的饮品是？,黄油啤酒
哈利·波特17岁生日时，韦斯莱夫人送了他什么礼物？,手表
哈利·波特把哪件圣器遗弃在了禁林？,复活石
哈利·波特被伏地魔魔咒杀死以后，是谁帮助了哈利隐瞒未死亡的信息？,纳西莎·马尔福
哈利·波特被摄魂怪攻击看见的景象？,母亲被攻击的画面
哈利·波特被食死徒抓到马尔福庄园时，用的是谁的名字？, 弗农·达利
哈利·波特毕业后去做了什么工作？,傲罗
哈利·波特曾和他麻瓜亲戚德思礼一家住在哪儿？,女贞路
哈利·波特曾经试图取得水下的格兰芬多宝剑差点淹死，是被谁所救？,罗恩
哈利·波特曾在厕所拿什么咒语将德拉科马尔福打上伤？,神锋无影
哈利·波特曾在动物园放出了什么动物？,蛇
哈利·波特曾在格兰芬多魁地奇球队打什么位置？, 找球手
哈利·波特曾在什么节日时回到了父母牺牲的家？,圣诞节
哈利·波特的出生地是哪里？,戈德里克山谷
哈利·波特的守护神是哪种动物？,牡鹿
哈利·波特的小女儿叫什么名字？,莉莉·卢娜·波特
哈利·波特的眼镜被谁修复过一次？,赫敏
哈利·波特的姨夫姨妈告诉哈利父母的死亡原因是什么呢？,车祸
哈利·波特的挚友罗恩·韦斯莱有多少兄弟姐妹？, 6个
哈利·波特的祖父从事什么工作发家？,护发药水
哈利·波特第一次见到奇洛教授是在哪里？,破釜酒吧
哈利·波特第一次去摩金夫人长袍专卖店遇到了谁？,德拉科·马尔福
哈利·波特第一次是怎样抓住的金色飞贼？,用嘴抓住
哈利·波特第一次遇见摄魂怪是在哪里？,霍格沃茨特快列车
哈利·波特共用过几次门钥匙？,7
哈利·波特和罗恩·韦斯莱从巨怪手中救出赫敏·格兰杰的那一天是莉莉和詹姆逝世第几周年？,十周年
哈利·波特和罗恩·韦斯莱用什么撞到了打人柳？,飞行汽车
哈利·波特和小天狼星·布莱克被摄魂晕倒，是谁施了呼神护卫咒驱赶了所有摄魂怪？,哈利·波特
哈利·波特继承的死亡圣器是什么？,隐身衣
哈利·波特进入霍格沃茨第一天的格兰芬多公共休息室的口令是什么？,龙渣
哈利·波特魔杖的材质是什么？,冬青木
哈利·波特是佩弗利尔三兄弟中谁的后代？,伊格诺图斯
哈利·波特十七岁生日时鲁伯·海格送了什么礼物？,驴皮做的小袋子
哈利·波特是什么咒语的唯一幸存者？, 阿瓦达索命
哈利·波特是通过打败谁成为了老魔杖的主人？,德科拉·马尔福
哈利·波特使用什么破坏了汤姆·里德尔的日记？,蛇怪的毒牙
哈利·波特收到的第一把飞天扫帚是谁赠送的？,麦格教授
哈利·波特暑假在家写的魔法史论文题目为？,《十四世纪烧死女巫的做法完全是无稽之谈》
哈利·波特学生时，罗米达·万妮曾十分迫切的想与他约会，其中原因是？,他是被选中的孩子
哈利·波特学生时期的草药学老师是谁？, 斯普劳特教授
哈利·波特一年级拿到魔法石时穿的是什么颜色的毛衣？,红色
哈利·波特有几个孩子？,3个
哈利·波特在动物园使用过什么天赋？,蛇佬腔
哈利·波特在火焰杯第二项比赛中使用了哪种植物？,鳃囊草
哈利·波特在哪里第一次收到了鲁伯·海格的生日蛋糕？,礁石上的小屋
哈利·波特在校时，谁的成绩总是班级第一？, 赫敏·格兰杰
哈利·波特最擅长什么咒语？, 除你武器
哈利波特在三强争霸赛中从哪条龙身上夺得了金色飞球？,匈牙利树峰
哈利曾经被叫作过什么？,疤头
哈利搭乘骑士公共汽车去了哪里？,破釜酒吧
哈利的初恋是谁？,秋·张
哈利的第一位黑魔法防御课教师是谁？,奎里纳斯·奇洛
哈利第一次参加魁地奇比赛前，赫敏借给了他一本什么书？,魁地奇古史
哈利第一次来到古灵阁时，带领他们去金库的妖精是谁？,拉环
哈利第一次使用“倒挂金钟”时，被倒挂的人是谁？,罗恩·韦斯莱
哈利第一次使用飞路粉时误入了哪里？,博金-博克古董商店
哈利第一根魔杖的杖芯是什么？,凤凰羽毛
哈利二年级开学时，以什么交通方式到达了霍格沃茨？,一辆会飞的车
哈利和邓布利多在岩洞中遇到了什么可怕的东西？,阴尸
哈利和邓布利多最后一次见面是在哪里？,国王十字车站
哈利和罗恩驾驶的福特安格利亚车最后撞到了什么？,打人柳
哈利怀疑小天狼星有危险时，他以什么交通方式到达了魔法部？,夜骐
哈利坚称伏地魔卷土重来，乌姆里奇惩罚他反复抄写什么？,我不可以说谎
哈利利用蛇佬腔和什么动物说过话？,蛇
哈利三年级开学时，霍格沃茨列车上什么导致了哈利晕倒？,摄魂怪
哈利三年级开学时，霍格沃茨特快列车上什么导致了哈利晕倒？,摄魂怪
哈利三年级时，黑魔法防御术课上遭遇的博格特是什么形态？,摄魂怪
哈利三年级时为什么没能和其他同学一起去霍格莫德？,他的姨父没有签同意书
哈利三人组遇到的三头犬叫什么？,路威
哈利上一年级时，谁跑到礼堂告诉大家一只巨怪被放出来了？,奇洛教授
哈利一年级时，霍格沃茨城堡中的哪个地方是禁止学生入内的？,四楼走廊
哈利一年级时，谁在禁林中保护了他？,费伦泽
哈利一年级在与奇洛对抗后住进校医院，海格来探望时送了什么礼物？,哈利父母的照片
哈利因为在麻瓜面前召唤守护神被审讯时，谁当了他的证人？,阿拉贝拉·费格
哈利因在麻瓜面前召唤守护神而被传唤后，谁主持了他的庭审？,阿米莉亚·博恩斯女士
哈利在火车上拆巧克力蛙卡片时，获得的第一个人物是？,阿不思·邓布利多
哈利在活点地图上看到了哪个他以为已经死去的人？,小矮星彼得
哈利在级长浴室遇到了谁？,哭泣的桃金娘
哈利在丽痕书店看到过谁的签售会？, 吉德罗·洛哈特
哈利在冥想盆中看到斯内普的记忆，记忆里他们正在进行什么考试？,黑魔法防御术
哈利在魔药课上因为制作哪种魔药获得了福灵剂？,活地狱汤剂
哈利在目睹谁的死亡后能看到夜骐？,塞德里克·迪戈里
哈利在三强争霸赛带回了谁的尸体？,塞德里克·迪戈里
哈利·波特在三强争霸赛中需要从哪种龙那里取走金蛋？,匈牙利树峰龙
哈利在逃亡过程中，在哪里拿到了格兰芬多宝剑？,湖底
哈利在学习守护神咒时，使用过下列哪一段回忆？,第一次骑上飞天扫帚的记忆
哈利之外还有谁能拔出格兰芬多宝剑？,纳威·隆巴顿
海德薇的名字出自哪里？,《魔法史》
海格曾说，除了霍格沃茨之外，世界上最安全的地方是哪里？,古灵阁
海格给鹰头马身有翼兽巴克比克取的新名字是什么？, 蔫翼
海格教授曾经养大的八眼巨蛛叫什么名字？,阿拉戈克
海格教授曾提起过，他在翻倒巷找什么驱虫剂时，遇见了迷路的哈利？, 食肉鼻涕虫
海格教授曾提起过他有个同母异父的弟弟，你们知道他叫什么吗？, 格洛普
海格如何描述牙牙？, 胆小
海格是乘坐什么交通工具将婴儿哈利送到邓布利多面前？,飞天摩托
海格使用什么交通工具把小哈利·波特送到了女贞路4号？,会飞的摩托车
海格是怎么得到火龙蛋的？,赢来的
海格为什么被送进阿兹卡班？,密室再度打开
海格用什么把小哈利·波特送到他姨夫姨妈家？,会飞的摩托车
海格在霍格沃茨上学时期养过什么当宠物？,八眼巨蛛
海莲娜·拉文克劳把她母亲的冠冕藏在哪里？,在一颗空心的树中
赫敏·格兰杰曾被谁用钻心咒折磨过？,贝拉特里克斯·莱斯特兰奇
赫敏·格兰杰的O·W·Ls成绩中哪一科只取得了E（良好）？,黑魔法防御术
赫敏·格兰杰的守护神是什么形态？, 水獭
赫敏·格兰杰对自己的父母施展魔法让他们搬家去了哪里？, 澳大利亚
赫敏·格兰杰开学前在哪本书上看到了霍格沃茨的大礼堂？,《霍格沃茨：一段校史》
赫敏·格兰杰用了谁的签名才能借到《强力药水》？,吉德罗·洛哈特
赫敏·格兰杰与哈利·波特见面时，使用的第一个咒语是？,恢复如初
赫敏·格兰杰在闻到爱情药剂后在脑海里最后的味道是？,牙膏
赫敏·格兰杰最不擅长的课程是什么？, 占卜课
赫敏·格兰杰最不擅长的咒语是？, 呼神护卫
赫敏曾经喝下复方汤剂变成过以下哪种样子？,猫女
赫敏曾经收到过麦格教授的礼物，礼物是什么呢？,时间转换器
赫敏创立的家养小精灵权利促进协会的缩写是？,S.P.E.W.
赫敏第一次喝复方汤剂时原本想伪装成谁？,米里森·伯斯德
赫敏发现蛇怪通过什么在城堡中移动？,管道
赫敏用什么办法一次上不止一节课？,时间转换器
赫敏制作的复汤药剂的配方出自哪本书？,《强力药剂》
赫奇帕奇的学院幽灵是谁？,胖修士
和小天狼星·布莱克一起逃跑的鹰头马身有翼兽叫什么名字？,巴克比克
黑暗时期，谁向伏地魔出卖了詹姆和莉莉？,小矮星彼得
黑夜王在成为伏地魔之前叫什么名字？,汤姆·里德尔
红帽子通常在哪里被发现？, 有流血的地方就容易有红帽子
霍格莫德村倍受欢迎的甜点商店叫什么名字？,蜂蜜公爵糖果店
霍格莫德妖精叛乱的时间是？,1612年
霍格沃茨保卫战发生在哪一年？,1998
霍格沃茨不允许学生带什么宠物入学？,八眼巨蛛
霍格沃茨城堡坐落于什么地方？,苏格兰高地
霍格沃茨的第一任管理员是谁？,汉克顿·汉博
霍格沃茨的飞行课教师是谁？,霍琦夫人
霍格沃茨的家养小精灵又把“有求必应屋”称为什么？,来去屋
霍格沃茨的猎场看守是谁？, 鲁伯·海格
霍格沃茨的哪一任校长曾经是著名的草药学家？,菲利达·斯波尔
霍格沃茨的图书管理员是谁？,平斯女士
霍格沃茨的学生给卢娜·洛夫古德起了什么外号？,疯姑娘卢娜
霍格沃茨的学生通常在对角巷哪里购买校袍？,摩金夫人长袍专卖店
霍格沃茨各学院的学院杯分数是用什么记录的？, 装满宝石的沙漏
霍格沃茨魁地奇球赛的裁判是谁？,霍琦女士
霍格沃茨历史上，谁在有求必应屋放出了厉火？,文森特·克拉布
霍格沃茨历史上最年轻的校长是谁？,西弗勒斯:斯内普
霍格沃茨女生盥洗室里游荡着哪位幽灵？, 桃金娘
霍格沃茨入学时要求学生购买的天平是什么材质的？,黄铜
霍格沃茨特快列车出现以前，霍格沃茨的学生们如何去学校？,门钥匙
霍格沃茨特快列车从哪个车站出发？,国王十字车站
霍格沃茨特快列车上卖零食的女售货员叫什么名字？,没人知道
霍格沃茨通往霍格莫德的密道藏在哪里？,驼背独眼女巫雕像后面
霍格沃茨唯一的幽灵教授是谁？,宾斯教授
霍格沃茨一共有几道楼梯呢？,142
霍格沃茨一年级新生不被允许带什么入校？,飞天扫帚
霍格沃茨之战开战前，谁召集了食死徒？,阿莱克托·卡罗
霍格沃茨之战中，是谁斩断了纳吉尼的头？,纳威·隆巴顿
霍格沃茨最高的塔楼是什么？,天文塔
火螃蟹的壳上覆盖着什么？,宝石
火螃蟹和人头狮身蝎尾兽交配后会得到什么？, 炸尾螺
霍琦夫人曾经使用过下列哪一种扫帚飞行？,银箭
吉德罗·洛哈特曾经发明过一种洗发水，其中含有下列哪种成分？,鸟蛇蛋黄
吉德罗·洛哈特教授失忆后被收治于圣芒戈医院几楼？,五楼
吉德罗·洛哈特使用了谁的魔杖施展遗忘咒后失去了记忆？,罗恩·韦斯莱
假疯眼汉穆迪在惩罚马尔福时，把他变成了？,白鼬
假穆迪教授在课堂上用什么演示了不可饶恕咒？,蜘蛛
家养小精灵多比最初的主人是谁？, 卢修斯·马尔福
尖叫棚屋在什么地方？,霍格莫德村
叫丽痕的商店出售什么？,书本
劫盗者中谁的家族都来自于斯莱特林？,小天狼星·布莱克
接纳之笔在什么上记录英国境内巫师新生儿？,准入之书
金妮·韦斯莱名字中的“金妮”是什么的简称？, 吉尼芙拉
金妮调侃谁的名字叫粘痰？,芙蓉·德拉库尔
金色飞贼被发明之前，魁地奇比赛中使用的是哪一种生物？,金飞侠
金色飞贼翅膀是什么颜色？,银色
禁止滥用麻瓜物品办公室的主任是谁？,亚瑟·韦斯莱
据莫丽所知，亚瑟·韦斯莱的最大理想是什么？,弄清飞机是怎么呆在天上的
考考你们，食死徒贝拉特里克斯·莱斯特兰奇的妹妹是谁？,纳西莎·马尔福
克鲁克山是一只什么颜色的猫？, 姜黄色
哭泣的桃金娘是哪个学院的？,拉文克劳
魁地奇比赛中，常规得分手段是投进什么球？,鬼飞球
魁地奇比赛中，什么位置负责击打游走球？,击球手
魁地奇球队霍利黑德哈比队，成立于哪一年？,1203年
拉文克劳的冠冕被汤姆·里德尔得到前存放在哪个国家的一个树的树洞里？,阿尔巴尼亚
拉文克劳的冠冕曾被海莲娜·拉文克劳藏在哪里？,阿尔巴尼亚森林
拉文克劳的冠冕底座上刻的格言是？,过人的智慧是人类最大的财富
拉文克劳的冠冕是被下列哪个咒语摧毁的？,厉火咒
拉文克劳的学院幽灵是谁？,格雷女士
拉文克劳公共休息室的门环是什么形状？,鹰
莱姆斯·卢平、小天狼星·布莱克、詹姆·波特和小矮星彼得的组合名称是什么？,劫盗者
狼人芬里尔·格雷贝克是什么邪恶群体的头目？,搜捕队头目
老魔杖的别称中不包括什么？,智慧杖
老魔杖的杖芯是什么？,夜骐的尾毛
老汤姆·里德尔的墓碑在哪儿？, 小汉格顿
雷吉·卡特莫尔在魔法部的哪个部门工作？,魔法维修保养处
莉莉·伊万斯曾赠予斯拉格霍恩教授什么东西？,一朵变成鱼的花
莉莉·伊万斯第一个认识的巫师是谁？,西弗勒斯·斯内普
历史上，邓布利多军的常规训练地点在哪里？,有求必应屋
历史上，赫敏·格兰杰第一次制作复方汤剂时错误试用了哪种生物的毛发？,猫
历史上，赫奇帕奇的金杯由谁亲手摧毁？,赫敏·格兰杰
历史上，纳吉尼在变成蛇之前和谁关系密切？,克莱登斯·巴瑞波恩
历史上，是谁摧毁了魂器马沃罗·冈特的戒指？,阿不思·邓布利多
历史上，谁在学校修建了藏有蛇怪的密室，只为清除学校里的非纯血巫师？,萨拉查·斯莱特林
历史上，汤姆·里德尔污蔑谁打开了密室？,鲁伯·海格
历史上格兰芬多公共休息室入口在胖夫人受到惊吓后，由谁临时守护？,卡多根爵士
历史上谁打败了一代黑魔王盖勒特·格林德沃？,阿不思·邓布利多
历史轶闻，谁将活点地图送给了哈利？,弗雷德和乔治
龙血的十二种用途的发现者是谁？, 阿不思·邓布利多
鲁伯·海格的父母中谁是巨人？,母亲是巨人
鲁伯·海格的小龙诺伯托付给查理之后改名为什么？,诺贝塔
鲁伯·海格上学的时候，谁是他最好的朋友？,阿拉戈克
鲁伯·海格在霍格沃茨就读几年级时，因为密室事件而被学校开除？,三年级
卢娜·洛夫古德的守护神是什么形态？,野兔
卢娜·洛夫古德父亲的职业是什么？,《唱唱反调》的编辑
卢娜·洛夫古德女士曾属于哪个学院？,拉文克劳
卢娜的父亲是哪份报纸的主编？,《唱唱反调》
卢娜的守护神是什么？,可爱的兔子
卢娜认为哪种植物可以用于驱赶大嘴彩球鱼？,戈迪根
卢娜通过防妖眼镜可以看到什么？,骚扰虻
卢平告诉哈利·波特什么东西可以解除摄魂怪带来的负面情绪？,巧克力
卢平教授使用什么药水让自己变身时保持理智？,狼毒药剂
卢平教授原以为哈利的博格特会变成什么形态？,伏地魔
卢平教授在哈利·波特几年级时来霍格沃茨教授黑魔法防御课？,三年级
卢平教授最后和谁结婚了？,尼法朵拉·唐克斯
伦敦最出名的魔法报纸是什么？,《预言家日报》
罗恩·韦斯莱曾经把什么生物伪装成了自己？,食尸鬼
罗恩·韦斯莱曾在格兰芬多魁地奇球队打什么位置？, 守门员
罗恩·韦斯莱的第一根魔杖是怎么坏掉的？,被打人柳打断
罗恩·韦斯莱的猫头鹰小猪原来叫什么名字？,朱薇琼
罗恩·韦斯莱的守护神是什么？,杰克拉塞尔猎狗
罗恩·韦斯莱还缺巧克力蛙动画片的哪两位？,康奈利·阿格丽芭和波托勒米
罗恩·韦斯莱家里的大钟有什么用途？,显示家人的状态
罗恩·韦斯莱因为巫师棋胜利为格兰芬多加了多少分？,50
罗恩·韦斯莱最喜欢的魁地奇球队是什么队？,查德里火炮队
罗恩的第一个女朋友叫什么？,拉文德·布朗
罗恩的耗子叫什么名字？,斑斑
罗恩的猫头鹰叫什么名字？,小猪
罗恩胳膊被分体时赫敏用的什么魔药？,白鲜香精
罗恩幻影移行分体后，赫敏用了什么治疗他的伤口？,白鲜香精
罗恩一家曾经在赢得大奖后去哪里旅游？,埃及
洛夫古德家看起来像是巫师棋中的哪个棋子？,车
洛哈特教授曾在黑魔法防御课上，把什么神奇生物放了出来？,康沃尔郡小精灵
洛哈特最喜欢的颜色是什么？,丁香色
罗斯默塔夫人把施了毒咒的宝石项链给了谁？,凯蒂·贝尔
马尔福用于诅咒邓布利多的项链最后让谁遭受了诅咒？,凯蒂·贝尔
马人费伦泽曾在霍格沃茨教授哪一门课程？,占卜课
麦格教授曾是哪个学院的院长？,格兰芬多
麦格教授的阿尼马格斯形态是什么？,虎斑猫
麦格教授认为霍格沃茨最不准确的学科是什么？, 占卜学
麦格教授认为最危险的学科是什么？, 变形术
麦格教授是哪门课的老师？, 变形课
猫头鹰爱好者们，知道哈利的猫头鹰海德薇是什么品种吗？,雪鸮
猫头鹰爱好者请听题，埃罗尔是谁的猫头鹰？,韦斯莱一家
猫头鹰是值得信赖的宠物，有谁知道哈利·波特的猫头鹰叫什么？, 海德薇
美国的巫师称非魔法群体为什么？,麻鸡
美国的伊法魔尼魔法学校由谁的后人创建？,斯莱特林
梅洛普·刚特将斯莱特林挂坠盒卖了多少钱？,10加隆
米布米宝被刺激后会喷出什么？,臭汁
米勒娃·麦格年轻时的恋人和她的父亲一样是一位？,麻瓜
密室最初的用途是什么？,教授黑魔法
冥想盆里的物质是什么样子的？,非液体非气体
魔法部的魔法兄弟喷泉不包含以下哪种雕塑？,火龙
魔法部将一种生物定级为X级时，意味着什么？,几乎没有杀伤力
魔法部将一种生物定级为XXX级时，意味着什么？,有能力的巫师可以战胜
魔法法律执行司内审判被控犯罪的巫师的组织名称是什么？,威森加摩
魔法石曾被存放于古灵阁的几号金库？,713号
魔法史课上，同学们总是把恶魔埃默里克和谁搞混？,怪人尤里克
魔法石可以带来什么？, 永生
魔法石是什么颜色的？,红色
摩金夫人在对角巷开了一家什么店？,长袍店
哪本书不是丽塔·斯基特的著作？,《糊弄麻瓜的简单法术》
哪本书上有复方汤剂的配制方法？,《强力药剂》
哪副画像守护着格兰芬多公共休息室的入口？,胖夫人
哪个电台播放了反对伏地魔的节目？,波特瞭望站
哪个故事没有被收录在《诗翁彼豆故事集》中？,巫师的飞天扫把
哪个家族喜欢在家养小精灵老的时候，把他的头砍掉挂到墙壁上？,布莱克家族
哪个来自禁林的马人成为了霍格沃茨的教授？, 费伦泽
哪个咒语不是混血王子发明的？,无声无息
哪里可以买到双头无尾水螈？,神奇动物商店
哪所魔法学校只招收纯血巫师？,德姆斯特朗魔法学校
纳威·隆巴顿的宠物蟾蜍的名字是什么？,莱福
纳威·隆巴顿父母曾经担任什么职位？,傲罗
纳威·隆巴顿教授刚到霍格沃茨读书时，他想被分到哪个学院？,赫奇帕奇
纳威·隆巴顿教授最擅长的科目是什么？,草药学
哪些人目睹了多洛雷斯·乌姆里奇将海格开除？,正在参加天文学O·W·L·S的学生们
那些通过抓捕麻瓜出生者或所谓“血统叛徒”来换取金钱的人被称为什么？,搜捕队员
哪一本书不在霍格沃茨一年级新生的书单里？,《基础魔药学》
哪一个魔法道具不是韦斯莱孪生兄弟的发明？, 变热假加隆
哪一门学科研究的是数学（数字）的魔力？,算数占卜
哪一位教授之前曾是一位决斗大师？,弗立维教授
哪一位人物没有在莫莉·韦斯莱的博格特中出现过？,赫敏·格兰杰
哪一位妖精协助哈利·波特从古灵阁获取了魂器？,拉环
哪一项是大众认可的赫奇帕奇学院的特质？, 忠诚
哪一种翠绿色的药水会让人产生恐惧和幻觉？,绝望药水
哪一种刊物被指刊登阴谋论和虚构生物？, 《唱唱反调》
哪一种龙被认为是最美的龙？,澳洲蛋白眼
哪一种魔药中含有毛虫切片？,缩身药水
哪一种神奇生物被称为爱尔兰凤凰？, 卜鸟
哪一种神奇生物被麻瓜们称为渡渡鸟？,球遁鸟
哪一种神奇生物的鸣叫可以让人发疯？,恶婆鸟
哪一种神奇生物有人的头、狮子的身体和蝎子的尾巴？,人头狮身蝎尾兽
哪一种神奇生物有狮子的头、山羊的身体和龙尾巴？,客迈拉兽
哪一种药材会让碰到的人皮肤上长出厚厚的硬皮？,肉瘤粉
哪种魔法生物像家猫？, 猫狸子
尼法朵拉·唐克斯的头发一般是什么颜色？,泡泡糖粉
尼法朵拉·唐克斯有什么特殊的魔法能力？,易容马格斯
尼可·勒梅曾在哪里上学？,布斯巴顿
你能在哪条路上找到博金-博克商店？, 翻倒巷
纽特·斯卡曼德的上衣口袋里经常揣着哪种神奇动物？,护树罗锅
纽特·斯卡曼德离开霍格沃兹时，他的变形学教授反对学校的惩戒结果使他得以保留魔杖，请问这位教授是？,阿不思·邓布利多
纽特·斯卡曼德去纽约是为了送哪种动物回家？,雷鸟
纽特·斯卡曼德在纽约结识的麻瓜是谁？,雅各布·科瓦尔斯基
纽特的伙伴皮克特是哪种神奇生物？,护树罗锅
纽特受了什么启发开始对魔法动物感兴趣？, 他母亲养的鹰头马身有翼兽
女贞路上出现了多少只摄魂怪袭击哈利和达力？,2
胖夫人是哪个学院休息室门口的画像？,格兰芬多
佩妮·德思礼曾给莉莉·波特寄去过哪件礼物？,花瓶
珀西·韦斯莱曾在旧杂货铺里阅读什么书？,《级长怎样获得权力》
奇洛教授第一次遇到伏地魔是在哪儿？,阿尔巴尼亚的黑森林
奇落教授用了哪种乐器使路威放松警惕？,被施了魔法的竖琴
骑士公共汽车的售票员叫什么名字？,斯坦利·桑帕克
前黑魔法防御课老师吉德罗·洛哈特最擅长的咒语是什么？, 一忘皆空
前几几年奥利凡德家族开始经营魔杖制造事业？,前382年
"请问""黏痰过多""里的粘痰指的是？,芙蓉·德拉库尔",
请问复方汤剂的配方没有以下哪一样？,粉碎蛇的毒牙
请问老魔杖的第一代主人是谁？,安提俄克·佩弗利尔
请问隆巴顿教授在上学的时候养了什么宠物？,蟾蜍
请问纽特·斯卡曼德给蒂娜·戈德斯坦的情书中写到蒂娜的眼睛像哪种生物？,火蜥蜴
请问学院幽灵格雷女士的原名是？,海莲娜·拉文克劳
请问在第三学年时，哈利·波特用什么样的方式从姨妈家来到对角巷？,乘坐骑士公共汽车
蜷翼魔的毒液经过稀释会有什么效果？,消除不好的记忆
人们常常吧狐媚子误认为什么？,仙子
人们能从厄里斯魔镜中看到什么？,最渴望的事物
人头狮身蝎尾兽在进食的时候会发出什么声音？,一声低吟
人鱼有时会饲养什么神奇生物作为宠物？,格林迪洛
日记中伏地魔的记忆汤姆·马沃罗·里德尔让空中他自己的名字变换了位置，形成了一句话，它是？,我是伏地魔
如果你想摧毁一个魂器，下列哪个物品可能会有帮助？, 蛇怪的毒牙
如果有人试图闯入古灵阁713号金库，会发生什么？,被吸入门中
如何向鹰头马身有翼兽打招呼才合适？,鞠躬并等待它主动接近
如何正确地打开一本《妖怪们的妖怪书》？,抚摸书脊
三把扫帚酒吧的女主人是谁？,罗斯默塔女士
三强争霸赛的第一个项目中，芙蓉挑战了什么龙？, 威尔士绿龙
三强争霸赛的第一个项目中，哈利挑战了什么龙？,匈牙利树峰龙
三强争霸赛的第一个项目中，克鲁姆挑战了什么龙？,中国火球
三强争霸赛的第一个项目中，塞德里克挑战了什么龙？, 瑞典短鼻龙
三强争霸赛的圣诞舞会上，芙蓉·德拉库尔的舞伴是谁？,罗杰·戴维斯
三强争霸赛第二个项目中谁变成了鲨鱼？,威克多尔·克鲁姆
三强争霸赛期间，谁邀请了赫敏参加舞会？,威克多尔·克鲁姆
三强争霸赛前，谁绑架了疯眼汉穆迪？,小巴蒂·克劳奇
三强争霸赛舞会上，哈利的舞伴是谁？,帕瓦蒂·佩蒂尔
三强争霸赛舞会上，哪支乐队进行了表演？,古怪姐妹
三强争霸赛中使用的龙不包括下列哪一种？,挪威脊背龙
三强争霸赛中谁与哈利·波特一同触碰到奖杯？,塞德里克·迪戈里
三强争霸赛最后一场比赛中，斯芬克司给哈利出的谜题的答案是什么？,蜘蛛
三人组逃亡时，是在谁的帮助下拿到格兰芬多宝剑的？,西弗勒斯·斯内普
三头犬路威的弱点是什么？,听到音乐就会入睡
三头犬路威守护的东西是什么？,魔法石
闪闪原先是谁的家养小精灵？,巴蒂·克劳奇
什么草药有强大的治愈效果？,白鲜
什么导致麦格教授曾被送去圣芒戈魔法伤病医院？,她被四发昏迷咒击中
什么东西能重现记忆？,冥想盆
什么行为会导致魔法交通司对无此证件的巫师进行惩罚？, 幻影显形
什么黑暗的人工制品能在黑暗中提供光明？,光荣之手
什么黑魔法物品是盗贼之友？,光荣之手
什么可以让魔鬼网的藤蔓停止不动？,强光
什么毛茸茸的东西高兴时发出嗡嗡声，还喜欢把长舌头伸到巫师的鼻子里？, 蒲绒绒
什么魔法道具可以帮助格兰芬多的学生？,格兰芬多宝剑
什么魔法生物喜欢闪亮的东西？,嗅嗅
什么魔法物品可以用于制造长生不老药？,魔法石
什么魔法物品用于挑选三强争霸赛选手？,火焰杯
什么魔法游戏用大理石一样的东西？,高布石游戏
什么魔法游戏与麻瓜的弹子游戏类似？,高布石游戏
什么神奇的植物会有漂浮的果实？,飞艇李
什么神奇生物的皮比龙更坚硬，而且可以挡住大部分的咒语？,角驼兽
什么神奇生物可以产生引人伤感的糖蜜？,伤心虫
什么神奇植物的果实会颠倒着悬挂在灌木上？,飞艇李
什么生物被认为是保护神奇生物课上最无聊的生物？, 弗洛伯毛虫
什么生物的背部覆盖着海葵般的触须？,莫特拉鼠
什么生物会以人最害怕的形态出现？, 博格特
什么生物能在“最黑暗、最肮脏的地方”被找到？,摄魂怪
什么生物以人脑为食，并帮助纽特·斯卡曼德逃离了美国魔法国会？, 蜷翼魔
什么生物只有面对过死亡的人才能看见？, 夜骐
什么是给曼德拉草换盆时的必要道具？,耳罩
什么物品会显示人们心中最深的渴望？,厄里斯魔镜
什么物品会在不怀好意的人接近时响起来？,窥镜
什么物品会在格兰芬多人危急时出现？,格兰芬多宝剑
什么物品可以检测出隐藏的魔法物品或隐藏咒？,诚实探测器
什么样的人才能看到夜骐？,目睹过死亡
什么样的巫师才能驾驭用夜骐尾毛做杖芯的魔杖？,直面过死亡的人
什么纸牌游戏在霍格沃茨很受欢迎？,噼啪爆炸牌
什么植物在受到刺激时会喷出臭汁？,米布米宝
圣芒戈魔法伤病医院的院徽是什么？, 魔杖和骨头交叉
圣芒戈魔法伤病医院位于哪里？,伦敦
圣芒戈中的一个牌子上写着：干净的坩埚可以让魔药不变成什么？,毒药
失败的幻影移形可能会导致什么？,分体
时间转换器每转一次能回到多久以前？,一个小时
世界上一共有几所魔法学校？,11
是什么神奇动物启蒙了纽特·斯卡曼德？,纽特妈妈养的鹰头马身有翼兽
是谁创建了S·P·E·W·——家养小精灵权益促进会吗？,赫敏·格兰杰
是谁告诉哈利有密室的？,多比
是谁告诉了哈利·波特巧克力可以缓解摄魂怪带来的负面情绪？,莱姆斯·卢平
是谁给韦斯莱双胞胎第一笔开店的资金？,哈利·波特
是谁将德拉科·马尔福变成白鼬的？,小巴蒂·克劳奇
是谁将写有哈利·波特名字的纸条投入了火焰杯中？,小巴蒂·克劳奇
是谁开启了消失的密室？,金妮·韦斯莱
是谁杀死了拉文德·布朗？,芬里尔·格雷伯克
是谁使用了时间转换器来应对多门选修课？,赫敏·格兰杰
是谁写了《神奇动物在哪里》并要去找它们？,纽特·斯卡曼德
是谁在第二次巫师大战期间利用双面镜帮助了哈利·波特？,阿不思福·邓布利多
是谁最先找到了斯莱特林的挂坠盒？,雷古勒斯·布莱克
食死徒的手臂上纹着什么图案？,黑魔标记
受到摄魂怪的袭击后，食用哪种食物可以有效缓解？,巧克力
谁把汤姆·里德尔的日记本放到了金妮的坩埚里？,卢修斯·马尔福
谁帮助了哈利、罗恩和赫敏溜进了古灵阁？,拉环
谁曾经被鲁伯·海格释过变形咒？,达力·德思礼
谁曾是魔法部派往霍格沃茨的高级调查官？,多洛雷斯·乌姆里奇
谁曾因为喝下了错误的复方汤剂变成了猫人？, 赫敏·格兰杰
谁曾在魁地奇比赛中，戴了一顶狮头形状还会吼叫的帽子？,卢娜·洛夫古德
谁摧毁了伏地魔的最后一个魂器？, 纳威·隆巴顿
谁导致了巴克比克被判死刑？,卢修斯·马尔福
谁的办公室曾经使用过“柠檬雪宝糖”这个口令？,邓布利多教授
谁的挂坠成了伏地魔的魂器？,萨拉查·斯莱特林
谁的冠冕成了伏地魔的魂器？,罗伊纳·拉文克劳
谁的魔眼能看穿墙壁？,阿拉斯托·穆迪
谁第一个告诉哈利，他是一个巫师？,海格
谁发明了咒语“神锋无影”？,西弗勒斯·斯内普
谁告诉了哈利、罗恩、赫敏死亡圣器的故事？,谢诺菲留斯·洛夫古德
谁还记得哈利·波特的第一根魔杖有多长？,11英寸
谁和哈利一起参加了斯拉格霍恩教授的圣诞晚会？,卢娜·洛夫古德
谁假冒了真正的阿拉斯托·穆迪作为三强争霸塞那年霍格沃茨的黑魔法防御术教授？,小巴蒂·克劳奇
谁教会了哈利·波特守护神咒？, 卢平
谁能告诉我，高布石像麻瓜的哪种游戏？,弹球
谁能说出粪石取自何处？,山羊的胃
谁派多比前往马尔福庄园的地窖解救了哈利·波特和他的朋友们？,阿不福思·邓布利多
谁是布莱克家族的家养小精灵？,克利切
谁是哈利·波特入学第一学期魁地奇队长？,奥利弗·伍德
谁是哈利的第三任黑魔法防御术老师？,莱姆斯·卢平
谁是霍格沃茨的钥匙和场地管理员？,鲁伯·海格
谁死在了英国魔法部神秘事务司的帷幔后面？,小天狼星·布莱克
谁调换了伏地魔藏在岩洞中的斯莱特林挂坠盒？,雷古勒斯·布莱克
谁为了误导魔法部对小天狼星·布莱克的搜捕方向说他曾经出现在西藏？,金斯莱·沙克尔
谁为学院魁地奇队采购了全部的扫帚？,卢修斯·马尔福
谁诬陷海格打开了密室？,汤姆·里德尔
水仙根粉末加入艾草浸液会得到什么？,生死水
水仙根粉末加入什么植物的浸液会得到生死水？,艾草
谁养了一只叫洛丽丝夫人的猫？, 阿格斯·费尔奇
谁用的魔杖杖芯材料是巨怪的胡须？,卡多根爵士
谁用假挂坠替换了岩洞中的真挂坠？,雷古勒斯·布莱克
谁预言了一个七月出生的男孩将挑战伏地魔？,西比尔·特里劳妮
谁在阿拉戈克的葬礼上发表了讲话？,霍拉斯·斯拉格霍恩
谁在二年级时折断了自己的魔杖？,罗恩·韦斯莱
谁在哈利·波特额头上留下了闪电疤痕？, 伏地魔
谁在湖中心盛满药水的盆中藏了假挂坠盒？,雷古勒斯·布莱克
谁在霍格沃茨第一学年就对纳威·隆巴顿释放过石化咒？,赫敏·格兰杰
谁在霍格沃茨特快列车上对哈利施了全身束缚咒？,德拉科·马尔福
谁在危机时刻赶到密室帮助了哈利？,福克斯
谁终结了贝拉特里克斯·莱斯特兰奇？,莫丽·韦斯莱
谁终结了纳吉尼？, 纳威
说出霍格沃茨经常出没的捣乱分子的名字？,皮皮鬼
斯拉格霍恩创办了什么协会？, 鼻涕虫俱乐部
斯拉格霍恩教授是哪一个学院的院长？,斯莱特林
斯拉格霍恩教授最喜欢的食物是什么？,菠萝蜜饯
斯莱特林的学院幽灵是谁？,血人巴罗
斯莱特林公共休息室位于哪里？,地下室
斯莱特林学生曾用哪首歌嘲讽罗恩·韦斯莱？, 《韦斯莱是我们的王》
斯内普的守护神咒和谁的一样？, 莉莉·伊万斯
斯内普告诉哈利什么药材可以解毒？,粪石
斯内普和谁立下了牢不可破的誓言？,纳西莎·马尔福
斯内普教授的守护神是什么形态？, 牝鹿
斯内普教授心中最重要的人是谁？,莉莉·伊万斯
斯内普教授最想教授什么课程？,黑魔法防御课
斯普劳特教授是哪个学院的院长？,赫奇帕奇
斯普劳特教授用成熟的什么救了密室中被蛇怪石化的学生们和洛丽丝夫人？,曼德拉草
斯普劳特教授在霍格沃茨教授哪门课程？,草药学
死亡三圣器的传说来自于什么故事？,《三兄弟的传说》
汤姆·里德尔在孤儿院时把谁的兔子吊在了天花板上？,比利·斯塔布斯
桃金娘是被谁杀死的？,蛇怪
桃金娘因什么生物而死？,蛇怪
特里劳妮教授在哈利的茶杯垫见到了什么？,黑狗
特里劳妮教授在霍格沃茨教授什么课程？,占卜课
听说卢娜·洛夫古德女士总穿着鞋睡觉，大家知道为什么吗？,她会梦游
通过魔法石的关卡中，巫师棋这一关是谁设置的？,麦格教授
弯角鼾兽可以在哪里被发现？,瑞典
伟大的阿不思·邓布利多教授全名是什么？,阿不思·珀西瓦尔·伍尔弗里克·布赖恩·邓布利多
维克多教授在霍格沃茨教哪一门课程？,算数占卜
为了和哈利一起去寻找魂器，罗恩改造了什么生物来扮演像得了散花痘的自己？,食尸鬼
为了转移哈利·波特，凤凰社的成员们使用了哪种魔药？,复方汤剂
为什么霍格沃茨有些学生没有因为蛇怪而亡，只是被石化了？,间接看到了蛇怪
为什么一年级后的那个暑假哈利没有收到一封信？,多比拦截了信件
为什么最初学生们怀疑哈利是斯莱特林的后代？,他会说蛇佬腔
韦斯莱夫人从没觉得谁会死去？,弗雷德
韦斯莱家兄弟排名第五的是谁？,乔治·韦斯莱
韦斯莱魔法把戏坊在对角巷第几号？,93号
韦斯莱魔法把戏坊最大的投资者是谁？,哈利·波特
韦斯莱双胞胎在谁的办公室抽屉发现了活点地图？,阿格斯·费尔奇
韦斯莱速效逃课糖会让食用者怎么样？,看上去生病了
韦斯莱太太曾给哈利织过什么颜色的毛衣？,蓝色
韦斯莱兄弟准备怎么跨过火焰杯的年龄线？,使用增龄剂
韦斯莱一家去德斯礼家接哈利看世界杯赛时使用了什么移动方式？,飞路网
乌姆里奇的黑魔法防御课使用的课本是什么？,《魔法防御理论》
巫师卡中“卑鄙的海尔波”培育出了什么神奇生物？, 蛇怪
乌头又被称为舟形乌头和什么？,狼毒乌头
西弗勒斯·斯内普担任校长的时候，斯莱特林的院长是谁？, 霍拉斯·斯拉格霍恩
西弗勒斯·斯内普的母亲是哪位家族的后代？,普林斯家族
西弗勒斯·斯内普教授的母亲叫什么？,艾琳·普林斯
西弗勒斯·斯内普少年时代曾被自己发明哪种咒语所捉弄？,倒挂金钟
西弗勒斯·斯内普死后的下一任魔药学教授是？,霍拉斯·斯拉格霍恩
西弗勒斯·斯内普误伤乔治·韦斯莱的神锋无影其实是为了保护谁？,莱姆斯·卢平
西弗勒斯·斯内普学生时代被起什么外号？,鼻涕精
西弗勒斯·斯内普幼时的家在哪条街上？,蜘蛛尾巷
西弗勒斯·斯内普在旧《高级魔药制作》课本里曾署名什么？, 混血王子
西弗勒斯·斯内普最后死于哪里？,尖叫棚屋
喜欢读杂志的同学，有人知道哈利的表哥叫什么名字吗？, 达力
西莫·斐尼甘的守护神是什么？,狐狸
下列哪本书是魔法界的著名漫画？,《疯麻瓜马丁·米格斯历险记》
下列哪个房间不属于英国魔法部神秘事务司？,憎恨厅
下列哪个家族不住在奥特里·圣卡奇波尔村附近？,隆巴顿家
下列哪个人不是拉文克劳学院的学生？,金妮·韦斯莱
下列哪一个不属于神圣二十八族（纯血家族联盟）？,格兰杰
下列哪一个词不适合描述海格的狗——牙牙？,勇敢
下列哪一家店没有开在对角巷？,三把扫帚酒吧
下列哪一位不是霍格沃茨的创始人？,海莲娜·拉文克劳
下列哪一种不是常见的坩锅材料？,镍
下列哪一种不属于巫师钱币？,多布隆
下列哪一种甜点会把舌头烧出一个洞？,酸味爆爆糖
下列哪种魔法界出版物中谈及过弯角鼾兽？,《唱唱反调》
下列哪种神奇生物生性高傲，被有礼貌地对待才不会生气？,鹰头马身有翼兽
下列哪种生物不是龙？,芬兰喷火兽
下列哪种生物不住在黑湖种？,尼斯湖水怪
下列哪种生物主动要求被视作野兽？,马人
下列人物中，谁曾担任过霍格沃茨麻瓜研究的老师？,阿莱克托·卡罗
下列人物中，谁头发会随着心情变色？,尼法朵拉·唐克斯
下列人物中哪一个不是活点地图的制作者？,亚瑟·韦斯莱
下列人物中谁不是哈利·波特的同学？, 芙蓉·德拉库尔
下列四人中，谁是在魔法部登记的合法阿尼马格斯？,米勒娃·麦格
下列四人中谁曾试图对哈利使用爱情魔药？,罗米达·万尼
下列物品中哪一个不是韦斯莱魔法把戏坊的产品？,伸缩眼
下列物品中哪一个不属于魁地奇装备？,守门员的篮筐
下列物品中哪种不是韦斯莱魔法把戏坊的产品？,酸味爆爆糖
下列选项中，最爱捣蛋的是谁？, 皮皮鬼
下列选项中哪个不是伏地魔的魂器？,老魔杖
下列选项中哪一个不属于巨怪类型？, 桥
下列选项中谁不是活点地图的创造者？, 疯眼
下列与小天狼星·布莱克无血缘关系的是？,罗道夫斯·莱斯特兰奇
下列咒语哪个不属于不可饶恕咒？,遗忘咒：一忘皆空
下面哪一项是阿不思·邓布利多的著名学术成就？,发现龙血的十二种用途
现存最强劲的爱情魔药是什么？,迷情剂
想要成为傲罗，至少需要获得几个良好评价以上的N·E·W·Ts证书？,5个
想要进入拉文克劳公共休息室，你需要先做什么？,解出谜语
想要进入魔法部，需要在伦敦红色电话亭中拨打的号码是多少？,62442
小矮星彼得变成过什么动物？,老鼠
小矮星彼得在伏地魔复活后还剩几根手指？,5
小巴蒂·克劳奇的标志性动作是什么？,吐舌头
小天狼星·布莱克的家族座右铭？,永远纯洁
小天狼星·布莱克的外号有人知道吗？, 大脚板
小天狼星·布莱克的祖宅位置在哪里？,格里莫广场12号
小天狼星·布莱克来自哪个学院？,格兰芬多
小天狼星·布莱克骑着什么动物逃离了抓捕？,鹰头马身有翼兽
小天狼星·布莱克是从什么地方知道小矮星彼得的行踪？,预言家日报
小天狼星·布莱克在魔法部哪个部门的战役中被贝拉特里克斯·莱斯特兰奇杀死？,神秘事务司
小天狼星在谁的帮助下进入了格兰芬多塔楼？,克鲁克山
校医院的庞弗雷女士曾使用什么药水治疗被石化的学生？,曼德拉草恢复剂
谢诺菲留斯·洛夫古德认为比利威格虫的翅膀能引发什么？,导入高级思维状态
谢诺菲留斯·洛夫古德认为飞艇李可以加强人对什么什么东西的感知能力？,异常事物
血人巴罗杀害了谁？, 海莲娜·拉文克劳
辛尼斯塔教授在霍格沃茨教哪一门课程？,天文学
学期结束时，学院分最高的学院会赢得什么荣誉？, 学院杯
学生们在课上被毒触手攻击可以做什么？,大声念咒
学生时期，赫敏增用万弹齐发攻击过罗恩，你们知道为什么吗？,他亲了拉文德·布朗
学生时期的伏地魔汤姆·里德尔被分到哪个学院？,斯莱特林
学生时期的鲁伯·海格在地牢养大了一只八眼巨蛛，它的名字叫？,阿拉戈克
学生时期哈利的职业规划是什么？,傲罗
学生时期西莫·斐尼甘的博格特形态是什么？,女鬼
学院幽灵差点没头的尼克的本名叫什么？,尼古拉斯·德·敏西-波平顿
学院幽灵中是谁一直反对将皮皮鬼赶出霍格沃茨？,胖修士
训练邓布利多军成员时，哈利说哪个咒语是巫师的必备咒语？,昏迷咒
亚瑟·韦斯莱在遭到纳吉尼攻击后被送去了哪里？,圣芒戈魔法伤病医院
研究神奇动物的巫师叫什么？,神奇动物学家
一次阿兹卡班越狱事件中，谁吓得胖夫人逃出了画框？,小天狼星·布莱克
一次魁地奇比赛中，哈利·波特骨折后谁给他使用了生骨灵？, 庞弗雷女士
一段往事，谁杀了格雷女士？,血人巴罗
一个有趣的问题，先有火焰，还是先有凤凰？,循环往复，没有起点
一件趣事，学生时期隆巴顿教授博格特形态是什么？,斯内普教授
一年级时，赫敏·格兰杰装在瓶子里的火焰是什么颜色的？,蓝色
以前英国魔法部部门间使用的通讯工具是什么？, 猫头鹰
一群护树罗锅被叫作什么？,一个分支
以下哪本书不是吉德罗·洛哈特要求的教科书？,《与无脸妖同船旅行》
以下哪个不是阿不思·邓布利多曾用过的办公室口令？,南瓜汁
以下哪个头衔或身份不曾被哈利·波特拥有过？,S·P·E·W财务总管
以下哪一本书是哈利·波特一年级书单没有的？,《基础魔药学》
以下哪一个学生跟哈利不是同级？,科林·克里维
以下哪一位能和哈利·波特一样看到夜骐呢？,卢娜·洛夫古德
以下哪一位是罗恩·韦斯莱在四年级时圣诞舞会上的舞伴？,帕德玛·佩蒂尔
以下哪种材料可以治疗顽固性粉刺？,巴波块茎的脓水
以下哪种动物是地精的天敌？,土扒貂
以下哪种是狐媚子灭迹中的成分？,斑地芒
以下人物中哪一位不是阿尼马格斯？,纳吉尼
以下谁和鲁伯·海格一样是一位混血巨人？,马克西姆夫人
以下谁是默然者？,克莱登斯·巴瑞波恩
以下四个人物谁不是阿尼马格斯？,纳西莎·马尔福
以下四人谁没有参加过三强争霸赛？, 弗雷德
因弗农姨夫出言不逊，海格让达利长出来什么尾巴？,猪尾巴
隐匿怪是隐形兽与谁结合的后代？,食尸鬼
英国魔法部的来宾入口是什么建筑物？,电话亭
英国魔法部高级法院的组织名称叫什么？,威森加摩
英国魔法部魔法兄弟喷泉中不包括下列哪种生物？,狐媚子
英国魔法部使用什么方式取代了猫头鹰传递信息？,纸飞机
鹰头马身有翼兽巴克比克回到霍格沃茨后，海格给他取了一个新名字，是什么？,威瑟温斯
用来学院记分的沙漏里面装的是什么？,宝石
诱饵炸弹有什么用？,吸引火力
有几个人曾是伏地魔认为的天选之子？,2
有了解赫敏·格兰杰的同学吗?考考你，她的猫叫什么?,克鲁克山
幽灵血人巴罗喜欢的女孩是谁？,海莲娜·拉文克劳
由哪一种杖芯制成的魔杖很难驾驭但是却很适合用于变形？,雷鸟的尾羽
有求必应屋附近的挂毯上巨怪穿着什么？,芭蕾舞裙
有求必应屋在城堡的几楼？,8楼
有人好奇卢平教授的博格特形态是什么吗？,满月
有人认识格洛普吗？他是谁？,海格同母异父的弟弟
有人知道，罗恩·韦斯莱的父亲亚瑟·韦斯莱在哪里工作吗？,魔法部
有人知道赫敏父母的职业是什么吗？,牙医
有人知道是什么让纳吉尼变成一条蛇吗？,血咒
有人知道是谁让莱姆斯·卢平成为了狼人吗？,芬里尔·格雷贝克
有人知道是谁杀了家养小精灵多比吗？,贝拉特里克斯·莱斯特兰奇
有什么似乎是无辜的麻瓜物品掩盖了来访者进入魔法部的入口？,电话亭
有谁还记得伏地魔学生时期的名字？, 汤姆·里德尔
有谁记得，邓布利多教授的前一任校长姓名？,阿芒多·迪佩特
有谁了解多比？他属于什么物种？,家养小精灵
有谁知道，阿不思·邓布利多的妹妹是谁？,阿利安娜
有谁知道，恶尔精喜欢吃什么？,小孩
有谁知道，哈利·波特的中间名是什么？,詹姆
有谁知道，哈利在哪里购买了课本？,丽痕书店
有谁知道，海格养育的小龙叫什么名字？, 诺伯
有谁知道，斯内普教授曾是哪个学院的院长？,斯莱特林
有谁知道，为什么血人巴罗总戴着锁链吗？,内心忏悔
有谁知道哈利·波特的教父是谁？,小天狼星·布莱克
有谁知道血人巴罗是怎么死的？, 自杀
有同学知道伏地魔的母亲叫什么名字吗？,梅洛普
与哈利·波特交好的韦斯莱一家曾居住的房子叫什么？, 陋居
与蛇怪的眼睛对视会发生什么？,死亡
《预言家日报》的主编叫什么？,巴拿巴斯·古费
在比尔和芙蓉的婚礼上，是谁因为卢娜父亲的项链而感到不悦？,威克多尔·克鲁姆
在德拉科·马尔福的帮助下，食死徒通过什么进入了霍格沃茨？, 消失柜
在邓布利多年轻时，曾不幸吃到哪个味道的比比多味豆？,呕吐物味
在反抗调查官乌姆里奇过程中，韦斯莱双子是在什么考试中放的烟花？,O·W·Ls魔咒理论考试
在古灵阁中，哪种物品被用于控制守护重要金库的龙？,丁当片
在国王十字街前往霍格沃茨的火车是几点发车？,十一点
在哈利·波特三年级时，格兰芬多塔的入口画像换成了谁？,卡多根爵士
在哈利·波特上学时期，当密室被打开时，第一位被袭击的学生是谁？,科林·克里维
在哈利的逃亡期间，他收听了一个广播电台是什么？,波特瞭望站
在霍格沃茨，学生能够接受的“普通巫师等级考试”的科目最多是？,12科
在霍格沃茨，由什么来决定新生的学院？,分院帽
在霍格沃茨举办的三强争霸赛第二个项目中，哪个咒语被两位选手同时使用，用以完成比赛？,泡头咒
在霍格沃茨中，成绩等级为A代表什么？,及格
在教黑魔法防御课之前，奇洛教授教什么课？,麻瓜研究
在魁地奇比赛中，找球手抓住金色飞贼，给多少分？,150
在魁地奇世界杯种威克多尔·克鲁姆抓住金色飞贼的战术是什么？,朗斯基假动作
在鲁伯·海格之前的保护神奇动物课教授是谁？,凯特尔伯恩教授
在马尔福庄园，贝拉特里克斯·莱斯特兰奇在赫敏·格兰杰的手臂上写了什么？,泥巴种
在密室，谁治好了哈利被蛇怪咬伤的胳膊？,福克斯
在密室中，凤凰的眼泪解了哪种生物的毒？,蛇怪的毒液
在密室中，是谁把格兰芬多宝剑给哈利的？,凤凰福克斯
在密室中凤凰福克斯给哈利·波特带来了什么？,分院帽
在魔法火焰的灰烬中可以找到什么生物？,火灰蛇
在那个糟糕的学年里，乌姆里奇代理校长是如何离开霍格沃茨的？,被皮皮鬼赶出学校
在七个波特之战中哈利·波特由于施展了什么咒语而被认出？,缴械咒
在三强争霸赛举办那年的魁地奇世界杯的获胜队伍是？,爱尔兰队
在三强争霸赛时，塞德里克·迪戈里告诉了哈利·波特什么的线索？,金蛋
在三强争霸赛中，哈利从黑湖里救出了谁？,罗恩和加布丽·德拉库尔
在三强争霸赛中，是谁告诉了塞德里克·迪戈里如何开启金蛋？,小巴蒂·克劳奇
在三强争霸赛中，谁没有成功救下水下的人质？,芙蓉·德拉库尔
在使用者忘记了一些事情的时候记忆球会变成什么颜色？,红色
在通往魔法石的关卡中，是谁施法设置了一关变形后的巨大棋盘？,米勒娃·麦格
在巫师棋对决中，罗恩·韦斯莱被哪种棋子击中了？,皇后
在巫师世界，龙属于高危险性魔法生物，鲁伯·海格得到火龙蛋的方式是？,酒馆赢得的
在小汉格顿的墓地中，塞德里克·迪戈里向哈利提出的最后一个请求是什么？,把他的尸体带给他的父母
在与伏地魔的战斗中，是谁的妈妈协助哈利·波特制造了假死的假象，骗过了所有人？,德拉科·马尔福
在与伏地魔的最后决战中，谁面对伏地魔时谎称哈利·波特死了？,纳西莎·马尔福
在最后的大战中，谁去密室拿了蛇怪的牙齿？,赫敏和罗恩
在座有魁地奇爱好者吗？考考你，哈利的第一把扫帚是什么型号？,光轮2000
炸尾螺是火螃蟹和什么生物的杂交后代？,人头狮身蝎尾兽
占卜课课本是下列中哪一本？,《拨开迷雾看未来》
占卜者温德林因为喜欢被火焰焚烧一共故意被逮捕了多少次？,47次
照妖镜的作用？,显示你的敌人正在逼近
直到20世纪30年代仍是“真正纯血统”的英国巫师家族有几个？,28
知名的魁地奇世界杯选手维克多·克鲁姆是哪个国家代表队的？,保加利亚队
众所周知，皮皮鬼最怕哪个幽灵？,血人巴罗
最初和最终，哈利乘坐什么交通工具来到及离开女贞路4号的？, 小天狼星·布莱克的摩托车
最后大决战中，哈利·波特在哪里陷入假死？,禁林
最后一个被摧毁的魂器是什么？,纳吉尼
最终，邓布利多教授被杀害的地方是哪里？,天文塔
魔法石所在的金库是几号？,713号
莉莉·伊万斯的守护神和以下谁的一样？,西弗勒斯·斯内普
谁终结了邓布利多教授的生命？,斯内普教授
在火车上，罗恩告诉哈利他差不多有多少张巧克力蛙画片了？,大约五百张
纽特撰写的《神奇动物在哪里》由哪个出版社出版？,默默然出版社
如何进入魔法部？,把自己从马桶里冲走
促使哈利，罗恩和赫敏成为好友的事件是？,万圣节巨怪事件
麦格教授丈夫的名字是什么？,埃尔芬斯通·厄克特
金妮·韦斯莱的守护神是什么动物？,马
在格林德沃的集会上，纽特·斯卡曼德的哪只神奇动物偷走了血盟？,嗅嗅
在洛夫古德家中被食死徒追杀时，赫敏对谢诺菲留斯实施了什么咒语？,一忘皆空
最初是谁发现了哈利·波特是一名天生的魁地奇选手？,米勒娃·麦格
老魔杖倒数第二个主人是谁？,德拉科·马尔福
快乐咒是哈利在几年级学到的？,三年级
哈利·波特的小儿子阿不思·西弗勒斯·波特被分到了哪个学院？,斯莱特林
按住打人柳的什么部位？，它会静止不动？,树干上的结疤
哪个不是哈利·波特在洛哈特教授课上被迫扮演的角色？,一个家养小精灵
三强争霸赛几年举行一次？,5
纽特曾在什么地方发现神奇动物驺吾？,马戏团
吉德罗·洛哈特教授的秘密抱负是什么？,销售自己的美发产品
一年级三人组前往保护魔法石时，是谁拦住了他们？,纳威·隆巴顿
哈利第一次吃巧克力蛙时罗恩说他大约有多少张巧克力蛙卡片？,500张
三强争霸赛上，哈利·波特在第二轮获得了第几名？,2
魔法石的制造者尼可·勒梅就读于哪所魔法学校？,布斯巴顿
赫敏·格兰杰三人第一次配置复方汤剂花了多长时间？,一个月
哈利·波特第一次见到尼法朵拉·唐克斯时，她的头发是什么颜色？,紫罗兰色
霍格沃兹通往霍格莫德村隐秘通道的口令是什么？,左右分离
德拉科·马尔福的魔杖材质是什么？,山楂木
霍格沃兹主楼内会转动的楼梯是以下哪位学院创始人的杰作？,罗伊纳·拉文克劳
斯内普的私人储藏室曾被闯入三次，请选出其中一次。小巴蒂·克劳奇偷复方汤剂材料,
哈利·波特第一次来到古灵阁时，带领他们去金库的妖精是谁？,拉环
1918年，纽特·斯卡曼德受哪家公司委托撰写了《神奇动物在哪里》？,默默然图书公司
哈利·波特的伤疤在他身体的哪个部位？,右额
三强争霸赛第一关，谁给了哈利波特10分？,卢多·巴格曼
“石墩出动”咒语的正确拼写是？,Piertotum Locomotor
是谁在湖边击退摄魂怪解救哈利·波特？,哈利·波特
卢娜·洛夫古德的丈夫是谁？,罗夫·斯卡曼德
哈利·波特用什么摧毁了伏地魔的日记本？,蛇怪的毒牙
哈利将谁的袜子夹在书里被卢修斯·马尔福送给了多比？,哈利·波特
以下谁没有当过级长？,哈利·波特
哈利·波特第一次去海格家吃了什么？,岩皮饼
多洛雷斯·乌姆里奇戴的吊坠盒上的“S”被她称为？,塞尔温家族
哈利第一次去陋居，搭乘的是什么交通工具？,施了魔法的汽车
赫奇帕奇学院的谁被开除过？,纽特·斯卡曼德
不可饶恕咒不包括以下哪一个咒语？,一忘皆空
韦斯莱先生对韦斯莱太太的爱称是什么？,莫丽小颤颤
霍格沃兹史上最不受欢迎的校长是哪位？,菲尼亚斯·布莱克
在1996年神秘事务司大战中，赫敏被哪个食死徒重伤并且差点死掉？,安东宁·多洛霍夫
"""混血王子""在他的魔药课本上曾提出瞌睡豆如何处理更容易出汁？,用银短刀的侧面挤压",
随意敲击赫奇帕奇公共休息室门口的大桶会如何？,被淋一身醋
韦斯莱双胞胎用药水成功把名字放进火焰杯后发生了什么？,他们变老了
霍格莫德的创建者是谁？,汉吉斯
阿不思·邓布利多在厄里斯魔镜中究竟看到了什么？,年轻的格林德沃
用干酪制作坩埚的巫师是谁？,汉弗莱·贝尔切
哈利的孩子有几个？,3
哈利·波特在三强争霸赛带回了谁的尸体？,塞德里克·迪戈里
哈利·波特二年级时无法进入九又四分之三车站是因为谁？,小精灵多比
纽特·斯卡曼德的那只护树罗锅叫什么名字？,皮克特
阿不思·邓布利多对哈利·波特说他在魔镜里看到了什么？,羊毛袜
去霍格莫德村有什么前提？,有监护人许可
邓布利多和格林德沃曾在哪里结下血盟？,谷仓
以下哪个不是伏地魔复活魔药所需要的药材？,自身的毛发
小天狼星·布莱克在阿兹卡班监狱关了几年？,12年
米布米宝据推测产自哪里？,亚述
谁是第一个成功制作出魂器的巫师？,卑鄙的海尔波
小天狼星的母亲叫什么？,沃尔布加·布莱克
以下哪种魔法生物被认为是虚构的？,泡泡鼻涕怪
邓布利多将什么遗赠给赫敏？,《诗翁彼豆故事集》
奥利凡德家族从什么时候开始制作魔杖？,公元前382年
试图和罗恩立牢不可破誓言，被打得左半拉屁股从此不一样的是谁？,弗雷德
多比没有用什么手段阻止哈利返校？,囚禁哈利波特
傲罗考试中，尼法朵·拉唐克斯最擅长的是哪一项？,隐藏和伪装
小天狼星布莱克的魔杖是什么材质？,橡树
霍格沃茨校门口的两个石像是什么？,带有翅膀的野猪
霍格沃茨城堡有些楼梯每逢周几会通向不同的地方？,周五
以下哪种魔药材料是在月光下的禁林中才能采集到的？,流液草
雷古勒斯·布莱克死后变成了什么？,阴尸
韦斯莱双胞胎的守护神是什么？,喜鹊
哈利·波特被乌姆里奇惩罚抄写时用的墨水是？,自己的血
莫特拉鼠汁的主要用途是什么？,治疗伤口
小天狼星的魔杖是什么材质的？,橡树
韦斯莱家族中的双胞胎兄弟出生于哪个节日？,愚人节
历史上谁没有从阿兹卡班越狱过？,伊戈尔·卡卡洛夫
下列哪个不是哈利·波特在魔药课上闻迷情剂时闻到的味道？,雨后的泥土
哈利曾把什么道具放在了麻瓜出身登记委员会主任办公室门口引起了骚乱？,诱饵炸弹
哈利和赫敏第一次穿梭时空在哪里？,校医院
谁在魔法部出口抓住了赫敏并进入了格里莫广场12号的门口？,亚克斯利
波特家族曾经的家族产业是什么？,护发药水
小矮星彼得缺少的是哪根指头？,右手食指
哈利·波特四年级时进入校长室的口令是？,蟑螂堆/串
家养小精灵多比所穿的衣服是？,枕套
德拉科·马尔福在消失柜里藏过什么？,小鸟
邓布利多教授的鼻子看起来断了几次？,至少两次
德姆斯特朗的长袍颜色是什么？,血红色
在日本最受推崇的魔杖是由什么木材制成的？,樱桃木
霍格沃滋的幽灵教授宾斯教授是在哪里去世的？, 休息室的沙发上
哈利曾在魔法部把诱饵炸弹放在哪了引起了骚乱？,麻瓜出身登记委员会主任办公室
赫敏提问密室时，宾斯教授在讲解哪年的国际巫师大会？,一二八九年
古灵阁地下瀑布有什么作用？,洗去所有的魔咒和魔法伪装
斯内普教授的第一节魔药课指导调制的药剂是？,治疗疥疮
斯内普教授曾经布置的关于狼人的论文有多长？,至少两张羊皮纸
哈利·波特的室友西莫喜欢哪项运动？,足球
冈特的戒指是在哪被摧毁的？,校长室
哈利·波特在四年级圣诞收到了教父小天狼星·布莱克送的什么礼物？,一把轻便的削笔刀
哈利·波特第一次喝福灵剂时喝了多少？,一小口
哈利吹飞姑妈离开家后在灌木丛里看到了什么？,小天狼星
卢娜·洛夫古德的妈妈去世的原因是？,做实验遇到了意外
谁曾用西弗勒斯·斯内普的魔咒倒挂金钟来对付他自己？,詹姆斯·波特
罗恩在火车上第一次给哈利·波特展示的咒语是？,雏菊、甜奶油和阳光
第一任英国魔法部部长是谁？,尤里克·甘普
以下哪种生物不曾生活在禁林中？,驺吾
哈利·波特第一次到女贞路和最后一次离开是乘搭什么交通工具？,小天狼星·布莱克的摩托车
霍格沃茨的图书管理员叫什么？,平斯夫人
